"topic","platform","proposed_publish_local","timezone","schedule_saved","status","copy_file","asset","existing_draft_id","public_permalink","published_at"
"01-molecular-dance","patreon","2026-10-08T18:00:00-05:00","America/Chicago","false","existing-online-draft-unpublished","01-molecular-dance/patreon.txt","square-1080.jpg","171565058","",""
"01-molecular-dance","instagram","2026-10-08T18:00:00-05:00","America/Chicago","false","prepared-publishing-tool-blocked","01-molecular-dance/instagram.txt","Existing13s app-export Reel, or cover/how-to carousel; select one; video not included in this docs package","","",""
"01-molecular-dance","youtube","2026-10-08T18:00:00-05:00","America/Chicago","false","prepared-publishing-tool-blocked","01-molecular-dance/youtube.txt","square-1080.jpg","","",""
"01-molecular-dance","facebook","2026-10-08T18:00:00-05:00","America/Chicago","false","conditional-account-unverified","01-molecular-dance/facebook.txt","cover-1080x1350.jpg","","",""
"01-molecular-dance","threads","2026-10-08T18:00:00-05:00","America/Chicago","false","conditional-account-unverified","01-molecular-dance/threads.txt","square-1080.jpg","","",""
"01-molecular-dance","bluesky","2026-10-08T18:00:00-05:00","America/Chicago","false","conditional-account-unverified","01-molecular-dance/bluesky.txt","square-1080.jpg","","",""
"01-molecular-dance","pinterest","2026-10-08T18:00:00-05:00","America/Chicago","false","conditional-account-unverified","01-molecular-dance/pinterest.txt","pin-1000x1500.jpg","","",""
"02-stellar-nursery","patreon","2026-10-11T18:00:00-05:00","America/Chicago","false","existing-online-draft-unpublished","02-stellar-nursery/patreon.txt","square-1080.jpg","171565167","",""
"02-stellar-nursery","instagram","2026-10-11T18:00:00-05:00","America/Chicago","false","prepared-publishing-tool-blocked","02-stellar-nursery/instagram.txt","cover-1080x1350.jpg; how-to-1080x1350.jpg","","",""
"02-stellar-nursery","youtube","2026-10-11T18:00:00-05:00","America/Chicago","false","prepared-publishing-tool-blocked","02-stellar-nursery/youtube.txt","square-1080.jpg","","",""
"02-stellar-nursery","facebook","2026-10-11T18:00:00-05:00","America/Chicago","false","conditional-account-unverified","02-stellar-nursery/facebook.txt","cover-1080x1350.jpg","","",""
"02-stellar-nursery","threads","2026-10-11T18:00:00-05:00","America/Chicago","false","conditional-account-unverified","02-stellar-nursery/threads.txt","square-1080.jpg","","",""
"02-stellar-nursery","bluesky","2026-10-11T18:00:00-05:00","America/Chicago","false","conditional-account-unverified","02-stellar-nursery/bluesky.txt","square-1080.jpg","","",""
"02-stellar-nursery","pinterest","2026-10-11T18:00:00-05:00","America/Chicago","false","conditional-account-unverified","02-stellar-nursery/pinterest.txt","pin-1000x1500.jpg","","",""
"03-nocturnal-drift","patreon","2026-10-15T18:00:00-05:00","America/Chicago","false","existing-online-draft-unpublished","03-nocturnal-drift/patreon.txt","square-1080.jpg","171565217","",""
"03-nocturnal-drift","instagram","2026-10-15T18:00:00-05:00","America/Chicago","false","prepared-publishing-tool-blocked","03-nocturnal-drift/instagram.txt","cover-1080x1350.jpg; how-to-1080x1350.jpg","","",""
"03-nocturnal-drift","youtube","2026-10-15T18:00:00-05:00","America/Chicago","false","prepared-publishing-tool-blocked","03-nocturnal-drift/youtube.txt","square-1080.jpg","","",""
"03-nocturnal-drift","facebook","2026-10-15T18:00:00-05:00","America/Chicago","false","conditional-account-unverified","03-nocturnal-drift/facebook.txt","cover-1080x1350.jpg","","",""
"03-nocturnal-drift","threads","2026-10-15T18:00:00-05:00","America/Chicago","false","conditional-account-unverified","03-nocturnal-drift/threads.txt","square-1080.jpg","","",""
"03-nocturnal-drift","bluesky","2026-10-15T18:00:00-05:00","America/Chicago","false","conditional-account-unverified","03-nocturnal-drift/bluesky.txt","square-1080.jpg","","",""
"03-nocturnal-drift","pinterest","2026-10-15T18:00:00-05:00","America/Chicago","false","conditional-account-unverified","03-nocturnal-drift/pinterest.txt","pin-1000x1500.jpg","","",""
"04-spatial-audio","patreon","2026-10-18T18:00:00-05:00","America/Chicago","false","prepared-publishing-tool-blocked","04-spatial-audio/patreon.txt","square-1080.jpg","","",""
"04-spatial-audio","instagram","2026-10-18T18:00:00-05:00","America/Chicago","false","prepared-publishing-tool-blocked","04-spatial-audio/instagram.txt","cover-1080x1350.jpg; how-to-1080x1350.jpg","","",""
"04-spatial-audio","youtube","2026-10-18T18:00:00-05:00","America/Chicago","false","prepared-publishing-tool-blocked","04-spatial-audio/youtube.txt","square-1080.jpg","","",""
"04-spatial-audio","facebook","2026-10-18T18:00:00-05:00","America/Chicago","false","conditional-account-unverified","04-spatial-audio/facebook.txt","cover-1080x1350.jpg","","",""
"04-spatial-audio","threads","2026-10-18T18:00:00-05:00","America/Chicago","false","conditional-account-unverified","04-spatial-audio/threads.txt","square-1080.jpg","","",""
"04-spatial-audio","bluesky","2026-10-18T18:00:00-05:00","America/Chicago","false","conditional-account-unverified","04-spatial-audio/bluesky.txt","square-1080.jpg","","",""
"04-spatial-audio","pinterest","2026-10-18T18:00:00-05:00","America/Chicago","false","conditional-account-unverified","04-spatial-audio/pinterest.txt","pin-1000x1500.jpg","","",""
"05-quieter-controls","patreon","2026-10-22T18:00:00-05:00","America/Chicago","false","prepared-publishing-tool-blocked","05-quieter-controls/patreon.txt","square-1080.jpg","","",""
"05-quieter-controls","instagram","2026-10-22T18:00:00-05:00","America/Chicago","false","prepared-publishing-tool-blocked","05-quieter-controls/instagram.txt","cover-1080x1350.jpg; how-to-1080x1350.jpg","","",""
"05-quieter-controls","youtube","2026-10-22T18:00:00-05:00","America/Chicago","false","prepared-publishing-tool-blocked","05-quieter-controls/youtube.txt","square-1080.jpg","","",""
"05-quieter-controls","facebook","2026-10-22T18:00:00-05:00","America/Chicago","false","conditional-account-unverified","05-quieter-controls/facebook.txt","cover-1080x1350.jpg","","",""
"05-quieter-controls","threads","2026-10-22T18:00:00-05:00","America/Chicago","false","conditional-account-unverified","05-quieter-controls/threads.txt","square-1080.jpg","","",""
"05-quieter-controls","bluesky","2026-10-22T18:00:00-05:00","America/Chicago","false","conditional-account-unverified","05-quieter-controls/bluesky.txt","square-1080.jpg","","",""
"05-quieter-controls","pinterest","2026-10-22T18:00:00-05:00","America/Chicago","false","conditional-account-unverified","05-quieter-controls/pinterest.txt","pin-1000x1500.jpg","","",""
"06-save-and-share","patreon","2026-10-25T18:00:00-05:00","America/Chicago","false","prepared-publishing-tool-blocked","06-save-and-share/patreon.txt","square-1080.jpg","","",""
"06-save-and-share","instagram","2026-10-25T18:00:00-05:00","America/Chicago","false","prepared-publishing-tool-blocked","06-save-and-share/instagram.txt","cover-1080x1350.jpg; how-to-1080x1350.jpg","","",""
"06-save-and-share","youtube","2026-10-25T18:00:00-05:00","America/Chicago","false","prepared-publishing-tool-blocked","06-save-and-share/youtube.txt","square-1080.jpg","","",""
"06-save-and-share","facebook","2026-10-25T18:00:00-05:00","America/Chicago","false","conditional-account-unverified","06-save-and-share/facebook.txt","cover-1080x1350.jpg","","",""
"06-save-and-share","threads","2026-10-25T18:00:00-05:00","America/Chicago","false","conditional-account-unverified","06-save-and-share/threads.txt","square-1080.jpg","","",""
"06-save-and-share","bluesky","2026-10-25T18:00:00-05:00","America/Chicago","false","conditional-account-unverified","06-save-and-share/bluesky.txt","square-1080.jpg","","",""
"06-save-and-share","pinterest","2026-10-25T18:00:00-05:00","America/Chicago","false","conditional-account-unverified","06-save-and-share/pinterest.txt","pin-1000x1500.jpg","","",""
